"Source:","C:\Users\xanqu\OneDrive\Documents\KiCAD Folder\Projects\SmartSpin2k\SmartSpin2k.kicad_sch"
"Date:","8/22/2022 1:49:44 PM"
"Tool:","Eeschema (6.0.7)"
"Generator:","C:\Program Files\KiCad\6.0\bin\scripting\plugins/bom_csv_grouped_by_value.py"
"Component Count:","80"

"Individual Components:"

"Item","Qty","Reference(s)","Value","LibPart","Footprint","Datasheet","MANUFACTURER","MAXIMUM_PACKAGE_HEIGHT","MPN","PARTREV","STANDARD"
"","","C1","4.7uF","Device:C","Capacitor_SMD:C_0805_2012Metric","~","","","","",""
"","","C2","100uF","Device:C","Capacitor_SMD:C_0805_2012Metric","~","","","","",""
"","","C3","150pF","Device:C","Capacitor_SMD:C_0805_2012Metric","~","","","","",""
"","","C4","0.01uF","Device:C","Capacitor_SMD:C_0805_2012Metric","~","","","","",""
"","","C5","0.1uF","Device:C","Capacitor_SMD:C_0402_1005Metric","~","","","","",""
"","","C6","100uF","Device:C","Capacitor_SMD:C_0805_2012Metric","~","","","","",""
"","","C7","1.5 uF","Device:C","Capacitor_SMD:C_0805_2012Metric","~","","","","",""
"","","C8","10uF","Device:C","Capacitor_SMD:C_0402_1005Metric","~","","","","",""
"","","C9","100nF","Device:C","Capacitor_SMD:C_0805_2012Metric","~","","","","",""
"","","C10","22nF","Device:C","Capacitor_SMD:C_0805_2012Metric","~","","","","",""
"","","C11","100nF","Device:C","Capacitor_SMD:C_0603_1608Metric","~","","","","",""
"","","C12","2.2uF","Device:C","Capacitor_SMD:C_0805_2012Metric","~","","","","",""
"","","C13","100nF","Device:C","Capacitor_SMD:C_0402_1005Metric","~","","","","",""
"","","C14","100nF","Device:C","Capacitor_SMD:C_0402_1005Metric","~","","","","",""
"","","C15","1nF","Device:C","Capacitor_SMD:C_0805_2012Metric","~","","","","",""
"","","C16","1nF","Device:C","Capacitor_SMD:C_0805_2012Metric","~","","","","",""
"","","C17","0.1uF","Device:C","Capacitor_SMD:C_0402_1005Metric","~","","","","",""
"","","C18","0.1uF","Device:C","Capacitor_SMD:C_0402_1005Metric","~","","","","",""
"","","C19","0.1uF","Device:C","Capacitor_SMD:C_0402_1005Metric","~","","","","",""
"","","C20","0.1uF","Device:C","Capacitor_SMD:C_0402_1005Metric","~","","","","",""
"","","C21","0.1uF","Device:C","Capacitor_SMD:C_0402_1005Metric","~","","","","",""
"","","C22","0.1uF","Device:C","Capacitor_SMD:C_0402_1005Metric","~","","","","",""
"","","C23","4.7uF","Device:C","Capacitor_SMD:C_0805_2012Metric","~","","","","",""
"","","C24","0.1uF","Device:C","Capacitor_SMD:C_0402_1005Metric","~","","","","",""
"","","C25","1.0uF","Device:C","Capacitor_SMD:C_0805_2012Metric","~","","","","",""
"","","C26","0.1uF","Device:C","Capacitor_SMD:C_0402_1005Metric","~","","","","",""
"","","C27","10uF","Device:C","Capacitor_SMD:C_0603_1608Metric","~","","","","",""
"","","C28","10uF","Device:C","Capacitor_SMD:C_0805_2012Metric","~","","","","",""
"","","C29","100uF","Device:C","Capacitor_SMD:C_0805_2012Metric","~","","","","",""
"","","C30","1uF","Device:C","Capacitor_SMD:C_0402_1005Metric","~","","","","",""
"","","D1","D_Schottky","Device:D_Schottky","LED_SMD:LED_0402_1005Metric","~","","","","",""
"","","D2","LED_Small","Device:LED_Small","LED_SMD:LED_0402_1005Metric","~","","","","",""
"","","D3","LED_Small","Device:LED_Small","LED_SMD:LED_0402_1005Metric","~","","","","",""
"","","D4","LED_Small","Device:LED_Small","LED_SMD:LED_0402_1005Metric","~","","","","",""
"","","D5","LED_Small","Device:LED_Small","LED_SMD:LED_0402_1005Metric","~","","","","",""
"","","D6","D_Schottky",":D_Schottky_1","Diode_SMD:D_SOD-323","~","","","","",""
"","","D7","D_TVS","Device:D_TVS","Diode_SMD:D_SOD-523","~","","","","",""
"","","D8","D_TVS","Device:D_TVS","Diode_SMD:D_SOD-523","~","","","","",""
"","","D9","D_TVS","Device:D_TVS","Diode_SMD:D_SOD-523","~","","","","",""
"","","H1","MountingHole_Pad","Mechanical:MountingHole_Pad","TestPoint:TestPoint_THTPad_D1.0mm_Drill0.5mm","~","","","","",""
"","","H2","MountingHole_Pad","Mechanical:MountingHole_Pad","TestPoint:TestPoint_THTPad_D1.0mm_Drill0.5mm","~","","","","",""
"","","H3","MountingHole_Pad","Mechanical:MountingHole_Pad","TestPoint:TestPoint_THTPad_D1.0mm_Drill0.5mm","~","","","","",""
"","","H4","MountingHole_Pad","Mechanical:MountingHole_Pad","TestPoint:TestPoint_THTPad_D1.0mm_Drill0.5mm","~","","","","",""
"","","J1","B4B-XH-AMLFSN","B4B_Connector:B4B-XH-AMLFSN","Connector_JST:JST_EH_B4B-EH-A_1x04_P2.50mm_Vertical","","","","","",""
"","","J2","B8B-XH-A_LFSN",":B8B-XH-A_LFSN_1","Connector_JST:JST_EH_B8B-EH-A_1x08_P2.50mm_Vertical","","","","","",""
"","","J3","USB_B_Micro","Connector:USB_B_Micro","Connector_USB:USB_Micro-B_Molex_47346-0001","~","","","","",""
"","","L1","15uH(Iron_Core)","Device:L_Iron","Inductor_SMD_Extra:L_SXN_SMDRI127_150MT","~","","","","",""
"","","Q3","S8050","Transistor_BJT:2N2219","Package_TO_SOT_SMD:SOT-23","http://www.onsemi.com/pub_link/Collateral/2N2219-D.PDF","","","","",""
"","","Q4","S8050","Transistor_BJT:2N2219","Package_TO_SOT_SMD:SOT-23","http://www.onsemi.com/pub_link/Collateral/2N2219-D.PDF","","","","",""
"","","R1","549 Ohm","Device:R","Resistor_SMD:R_0402_1005Metric","~","","","","",""
"","","R2","5.9k Ohm","Device:R","Resistor_SMD:R_0402_1005Metric","~","","","","",""
"","","R3","10k Ohm","Device:R","Resistor_SMD:R_0402_1005Metric","~","","","","",""
"","","R4","1k","Device:R","Resistor_SMD:R_0402_1005Metric","~","","","","",""
"","","R5","10k","Device:R","Resistor_SMD:R_0402_1005Metric","~","","","","",""
"","","R6","100k","Device:R","Resistor_SMD:R_0402_1005Metric","~","","","","",""
"","","R7","100m Ohm","Device:R","Resistor_SMD:R_0402_1005Metric","~","","","","",""
"","","R8","100m","Device:R","Resistor_SMD:R_0402_1005Metric","~","","","","",""
"","","R9","10k","Device:R","Resistor_SMD:R_0402_1005Metric","~","","","","",""
"","","R10","10k","Device:R","Resistor_SMD:R_0402_1005Metric","~","","","","",""
"","","R11","1M Ohm","Device:R","Resistor_SMD:R_0402_1005Metric","~","","","","",""
"","","R12","330 Ohm","Device:R","Resistor_SMD:R_0402_1005Metric","~","","","","",""
"","","R13","330 Ohm","Device:R","Resistor_SMD:R_0402_1005Metric","~","","","","",""
"","","R14","4.7k Ohm","Device:R","Resistor_SMD:R_0402_1005Metric","~","","","","",""
"","","R15","0 Ohm","Device:R","Resistor_SMD:R_0402_1005Metric","~","","","","",""
"","","R16","330 Ohm","Device:R","Resistor_SMD:R_0402_1005Metric","~","","","","",""
"","","R17","470 ohm","Device:R","Resistor_SMD:R_0402_1005Metric","~","","","","",""
"","","R18","1k","Device:R","Resistor_SMD:R_0402_1005Metric","~","","","","",""
"","","R19","10k","Device:R","Resistor_SMD:R_0402_1005Metric","~","","","","",""
"","","R20","1k","Device:R","Resistor_SMD:R_0402_1005Metric","~","","","","",""
"","","R21","10k","Device:R","Resistor_SMD:R_0402_1005Metric","~","","","","",""
"","","R22","470 ohm","Device:R","Resistor_SMD:R_0402_1005Metric","~","","","","",""
"","","R23","330","Device:R","Resistor_SMD:R_0402_1005Metric","~","","","","",""
"","","SW1","SW_Push","Switch:SW_Push","Button_Switch_SMD:SW_Push_SPST_NO_Alps_SKRK","~","","","","",""
"","","SW4","SW_Push","Switch:SW_Push","Button_Switch_SMD:SW_Push_SPST_NO_Alps_SKRK","~","","","","",""
"","","U1","TMC2209-LA-T","TMC2209:TMC2209-LA-T","Package_DFN_QFN:QFN-28-1EP_6x6mm_P0.65mm_EP4.8x4.8mm","","","","","",""
"","","U2","TPS5430DDA","Regulator_Switching:TPS5430DDA","Package_SO:SOIC-8-1EP_3.9x4.9mm_P1.27mm_EP2.514x3.2mm","http://www.ti.com/lit/ds/symlink/tps5430.pdf","","","","",""
"","","U3","ESP32-WROOM-32D","ESP32-WROOM-32D:ESP32-WROOM-32D","RF_Module:ESP32-WROOM-32","","Espressif Systems","3.2 mm","","1.9","Manufacturer Recommendations"
"","","U4","INTERFACE-CP2102-GMR(QFN28)","INTERFACE-CP2102-GMR_QFN28_:INTERFACE-CP2102-GMR(QFN28)","Package_DFN_QFN:QFN-28-1EP_5x5mm_P0.5mm_EP3.35x3.35mm_ThermalVias","","","","CP2102-GMR","",""
"","","U5","MAX3232","Interface_UART:MAX3232","MAX3232:MAX3232IPWR","https://datasheets.maximintegrated.com/en/ds/MAX3222-MAX3241.pdf","","","","",""
"","","U6","LM1117-3.3","Regulator_Linear:LM1117-3.3","Package_TO_SOT_SMD:SOT-223-3_TabPin2","http://www.ti.com/lit/ds/symlink/lm1117.pdf","","","","",""



"Collated Components:"

"Item","Qty","Reference(s)","Value","LibPart","Footprint","Datasheet","MANUFACTURER","MAXIMUM_PACKAGE_HEIGHT","MPN","PARTREV","STANDARD"
"1","2","C1, C23","4.7uF","Device:C","Capacitor_SMD:C_0805_2012Metric","~","","","","",""
"2","3","C2, C6, C29","100uF","Device:C","Capacitor_SMD:C_0805_2012Metric","~","","","","",""
"3","1","C3","150pF","Device:C","Capacitor_SMD:C_0805_2012Metric","~","","","","",""
"4","1","C4","0.01uF","Device:C","Capacitor_SMD:C_0805_2012Metric","~","","","","",""
"5","9","C5, C17, C18, C19, C20, C21, C22, C24, C26","0.1uF","Device:C","Capacitor_SMD:C_0402_1005Metric","~","","","","",""
"6","1","C7","1.5 uF","Device:C","Capacitor_SMD:C_0805_2012Metric","~","","","","",""
"7","1","C8","10uF","Device:C","Capacitor_SMD:C_0402_1005Metric","~","","","","",""
"8","1","C9","100nF","Device:C","Capacitor_SMD:C_0805_2012Metric","~","","","","",""
"9","1","C10","22nF","Device:C","Capacitor_SMD:C_0805_2012Metric","~","","","","",""
"10","1","C11","100nF","Device:C","Capacitor_SMD:C_0603_1608Metric","~","","","","",""
"11","1","C12","2.2uF","Device:C","Capacitor_SMD:C_0805_2012Metric","~","","","","",""
"12","2","C13, C14","100nF","Device:C","Capacitor_SMD:C_0402_1005Metric","~","","","","",""
"13","2","C15, C16","1nF","Device:C","Capacitor_SMD:C_0805_2012Metric","~","","","","",""
"14","1","C25","1.0uF","Device:C","Capacitor_SMD:C_0805_2012Metric","~","","","","",""
"15","1","C27","10uF","Device:C","Capacitor_SMD:C_0603_1608Metric","~","","","","",""
"16","1","C28","10uF","Device:C","Capacitor_SMD:C_0805_2012Metric","~","","","","",""
"17","1","C30","1uF","Device:C","Capacitor_SMD:C_0402_1005Metric","~","","","","",""
"18","1","D1","D_Schottky","Device:D_Schottky","LED_SMD:LED_0402_1005Metric","~","","","","",""
"19","4","D2, D3, D4, D5","LED_Small","Device:LED_Small","LED_SMD:LED_0402_1005Metric","~","","","","",""
"20","1","D6","D_Schottky",":D_Schottky_1","Diode_SMD:D_SOD-323","~","","","","",""
"21","3","D7, D8, D9","D_TVS","Device:D_TVS","Diode_SMD:D_SOD-523","~","","","","",""
"22","4","H1, H2, H3, H4","MountingHole_Pad","Mechanical:MountingHole_Pad","TestPoint:TestPoint_THTPad_D1.0mm_Drill0.5mm","~","","","","",""
"23","1","J1","B4B-XH-AMLFSN","B4B_Connector:B4B-XH-AMLFSN","Connector_JST:JST_EH_B4B-EH-A_1x04_P2.50mm_Vertical","","","","","",""
"24","1","J2","B8B-XH-A_LFSN",":B8B-XH-A_LFSN_1","Connector_JST:JST_EH_B8B-EH-A_1x08_P2.50mm_Vertical","","","","","",""
"25","1","J3","USB_B_Micro","Connector:USB_B_Micro","Connector_USB:USB_Micro-B_Molex_47346-0001","~","","","","",""
"26","1","L1","15uH(Iron_Core)","Device:L_Iron","Inductor_SMD_Extra:L_SXN_SMDRI127_150MT","~","","","","",""
"27","2","Q3, Q4","S8050","Transistor_BJT:2N2219","Package_TO_SOT_SMD:SOT-23","http://www.onsemi.com/pub_link/Collateral/2N2219-D.PDF","","","","",""
"28","1","R1","549 Ohm","Device:R","Resistor_SMD:R_0402_1005Metric","~","","","","",""
"29","1","R2","5.9k Ohm","Device:R","Resistor_SMD:R_0402_1005Metric","~","","","","",""
"30","1","R3","10k Ohm","Device:R","Resistor_SMD:R_0402_1005Metric","~","","","","",""
"31","3","R4, R18, R20","1k","Device:R","Resistor_SMD:R_0402_1005Metric","~","","","","",""
"32","5","R5, R9, R10, R19, R21","10k","Device:R","Resistor_SMD:R_0402_1005Metric","~","","","","",""
"33","1","R6","100k","Device:R","Resistor_SMD:R_0402_1005Metric","~","","","","",""
"34","1","R7","100m Ohm","Device:R","Resistor_SMD:R_0402_1005Metric","~","","","","",""
"35","1","R8","100m","Device:R","Resistor_SMD:R_0402_1005Metric","~","","","","",""
"36","1","R11","1M Ohm","Device:R","Resistor_SMD:R_0402_1005Metric","~","","","","",""
"37","3","R12, R13, R16","330 Ohm","Device:R","Resistor_SMD:R_0402_1005Metric","~","","","","",""
"38","1","R14","4.7k Ohm","Device:R","Resistor_SMD:R_0402_1005Metric","~","","","","",""
"39","1","R15","0 Ohm","Device:R","Resistor_SMD:R_0402_1005Metric","~","","","","",""
"40","2","R17, R22","470 ohm","Device:R","Resistor_SMD:R_0402_1005Metric","~","","","","",""
"41","1","R23","330","Device:R","Resistor_SMD:R_0402_1005Metric","~","","","","",""
"42","2","SW1, SW4","SW_Push","Switch:SW_Push","Button_Switch_SMD:SW_Push_SPST_NO_Alps_SKRK","~","","","","",""
"43","1","U1","TMC2209-LA-T","TMC2209:TMC2209-LA-T","Package_DFN_QFN:QFN-28-1EP_6x6mm_P0.65mm_EP4.8x4.8mm","","","","","",""
"44","1","U2","TPS5430DDA","Regulator_Switching:TPS5430DDA","Package_SO:SOIC-8-1EP_3.9x4.9mm_P1.27mm_EP2.514x3.2mm","http://www.ti.com/lit/ds/symlink/tps5430.pdf","","","","",""
"45","1","U3","ESP32-WROOM-32D","ESP32-WROOM-32D:ESP32-WROOM-32D","RF_Module:ESP32-WROOM-32","","Espressif Systems","3.2 mm","","1.9","Manufacturer Recommendations"
"46","1","U4","INTERFACE-CP2102-GMR(QFN28)","INTERFACE-CP2102-GMR_QFN28_:INTERFACE-CP2102-GMR(QFN28)","Package_DFN_QFN:QFN-28-1EP_5x5mm_P0.5mm_EP3.35x3.35mm_ThermalVias","","","","CP2102-GMR","",""
"47","1","U5","MAX3232","Interface_UART:MAX3232","MAX3232:MAX3232IPWR","https://datasheets.maximintegrated.com/en/ds/MAX3222-MAX3241.pdf","","","","",""
"48","1","U6","LM1117-3.3","Regulator_Linear:LM1117-3.3","Package_TO_SOT_SMD:SOT-223-3_TabPin2","http://www.ti.com/lit/ds/symlink/lm1117.pdf","","","","",""
