Designator,Val,Package,Mid X,Mid Y,Rotation,Layer
C1,10uF(50V),C_0805_2012Metric,27.43,-56.54,90.0,top
C1,10uF(50V),C_0805_2012Metric,145.73,-121.84,90.0,top
C1,10uF(50V),C_0805_2012Metric,27.43,-121.84,90.0,top
C1,10uF(50V),C_0805_2012Metric,86.58,-187.14,90.0,top
C1,10uF(50V),C_0805_2012Metric,27.43,-187.14,90.0,top
C1,10uF(50V),C_0805_2012Metric,145.73,-56.54,90.0,top
C1,10uF(50V),C_0805_2012Metric,86.58,-56.54,90.0,top
C1,10uF(50V),C_0805_2012Metric,86.58,-121.84,90.0,top
C1,10uF(50V),C_0805_2012Metric,145.73,-187.14,90.0,top
C2,0.1uF(10%),C_0402_1005Metric,23.5766,-18.3552,90.0,top
C2,0.1uF(10%),C_0402_1005Metric,141.8766,-148.9552,90.0,top
C2,0.1uF(10%),C_0402_1005Metric,82.7266,-83.6552,90.0,top
C2,0.1uF(10%),C_0402_1005Metric,82.7266,-18.3552,90.0,top
C2,0.1uF(10%),C_0402_1005Metric,141.8766,-83.6552,90.0,top
C2,0.1uF(10%),C_0402_1005Metric,82.7266,-148.9552,90.0,top
C2,0.1uF(10%),C_0402_1005Metric,23.5766,-83.6552,90.0,top
C2,0.1uF(10%),C_0402_1005Metric,141.8766,-18.3552,90.0,top
C2,0.1uF(10%),C_0402_1005Metric,23.5766,-148.9552,90.0,top
C3,10uF(50V),C_1206_3216Metric,137.63,-186.68,90.0,top
C3,10uF(50V),C_1206_3216Metric,137.63,-56.08,90.0,top
C3,10uF(50V),C_1206_3216Metric,78.48,-56.08,90.0,top
C3,10uF(50V),C_1206_3216Metric,19.33,-56.08,90.0,top
C3,10uF(50V),C_1206_3216Metric,19.33,-121.38,90.0,top
C3,10uF(50V),C_1206_3216Metric,137.63,-121.38,90.0,top
C3,10uF(50V),C_1206_3216Metric,78.48,-121.38,90.0,top
C3,10uF(50V),C_1206_3216Metric,19.33,-186.68,90.0,top
C3,10uF(50V),C_1206_3216Metric,78.48,-186.68,90.0,top
C4,100nF(50V),C_0805_2012Metric,80.7634,-122.0686,90.0,top
C4,100nF(50V),C_0805_2012Metric,80.7634,-187.3686,90.0,top
C4,100nF(50V),C_0805_2012Metric,139.9134,-56.7686,90.0,top
C4,100nF(50V),C_0805_2012Metric,139.9134,-122.0686,90.0,top
C4,100nF(50V),C_0805_2012Metric,21.6134,-122.0686,90.0,top
C4,100nF(50V),C_0805_2012Metric,80.7634,-56.7686,90.0,top
C4,100nF(50V),C_0805_2012Metric,21.6134,-187.3686,90.0,top
C4,100nF(50V),C_0805_2012Metric,21.6134,-56.7686,90.0,top
C4,100nF(50V),C_0805_2012Metric,139.9134,-187.3686,90.0,top
C5,100nF(50V),C_0805_2012Metric,141.9962,-187.2162,90.0,top
C5,100nF(50V),C_0805_2012Metric,23.6962,-56.6162,90.0,top
C5,100nF(50V),C_0805_2012Metric,82.8462,-56.6162,90.0,top
C5,100nF(50V),C_0805_2012Metric,141.9962,-56.6162,90.0,top
C5,100nF(50V),C_0805_2012Metric,82.8462,-121.9162,90.0,top
C5,100nF(50V),C_0805_2012Metric,141.9962,-121.9162,90.0,top
C5,100nF(50V),C_0805_2012Metric,23.6962,-187.2162,90.0,top
C5,100nF(50V),C_0805_2012Metric,23.6962,-121.9162,90.0,top
C5,100nF(50V),C_0805_2012Metric,82.8462,-187.2162,90.0,top
C6,22nF(50V),C_0805_2012Metric,168.7498,-101.8924,-45.0,top
C6,22nF(50V),C_0805_2012Metric,168.7498,-167.1924,-45.0,top
C6,22nF(50V),C_0805_2012Metric,50.4498,-167.1924,-45.0,top
C6,22nF(50V),C_0805_2012Metric,109.5998,-36.5924,-45.0,top
C6,22nF(50V),C_0805_2012Metric,168.7498,-36.5924,-45.0,top
C6,22nF(50V),C_0805_2012Metric,109.5998,-167.1924,-45.0,top
C6,22nF(50V),C_0805_2012Metric,50.4498,-36.5924,-45.0,top
C6,22nF(50V),C_0805_2012Metric,109.5998,-101.8924,-45.0,top
C6,22nF(50V),C_0805_2012Metric,50.4498,-101.8924,-45.0,top
C7,100uF(50V),CP_Elec_8x10,99.2425,-184.06,0.0,top
C7,100uF(50V),CP_Elec_8x10,99.2425,-118.76,0.0,top
C7,100uF(50V),CP_Elec_8x10,99.2425,-53.46,0.0,top
C7,100uF(50V),CP_Elec_8x10,158.3925,-53.46,0.0,top
C7,100uF(50V),CP_Elec_8x10,40.0925,-53.46,0.0,top
C7,100uF(50V),CP_Elec_8x10,40.0925,-118.76,0.0,top
C7,100uF(50V),CP_Elec_8x10,158.3925,-184.06,0.0,top
C7,100uF(50V),CP_Elec_8x10,158.3925,-118.76,0.0,top
C7,100uF(50V),CP_Elec_8x10,40.0925,-184.06,0.0,top
C8,4.7uF(6V3),C_0805_2012Metric,162.4506,-165.643,180.0,top
C8,4.7uF(6V3),C_0805_2012Metric,103.3006,-100.343,180.0,top
C8,4.7uF(6V3),C_0805_2012Metric,162.4506,-35.043,180.0,top
C8,4.7uF(6V3),C_0805_2012Metric,103.3006,-165.643,180.0,top
C8,4.7uF(6V3),C_0805_2012Metric,162.4506,-100.343,180.0,top
C8,4.7uF(6V3),C_0805_2012Metric,44.1506,-35.043,180.0,top
C8,4.7uF(6V3),C_0805_2012Metric,103.3006,-35.043,180.0,top
C8,4.7uF(6V3),C_0805_2012Metric,44.1506,-100.343,180.0,top
C8,4.7uF(6V3),C_0805_2012Metric,44.1506,-165.643,180.0,top
C9,1uF(50V),C_0603_1608Metric,84.7512,-56.794,90.0,top
C9,1uF(50V),C_0603_1608Metric,143.9012,-187.394,90.0,top
C9,1uF(50V),C_0603_1608Metric,143.9012,-56.794,90.0,top
C9,1uF(50V),C_0603_1608Metric,25.6012,-187.394,90.0,top
C9,1uF(50V),C_0603_1608Metric,25.6012,-122.094,90.0,top
C9,1uF(50V),C_0603_1608Metric,84.7512,-187.394,90.0,top
C9,1uF(50V),C_0603_1608Metric,143.9012,-122.094,90.0,top
C9,1uF(50V),C_0603_1608Metric,84.7512,-122.094,90.0,top
C9,1uF(50V),C_0603_1608Metric,25.6012,-56.794,90.0,top
C10,1uF,C_0603_1608Metric,83.641,-30.217,-90.0,top
C10,1uF,C_0603_1608Metric,24.491,-160.817,-90.0,top
C10,1uF,C_0603_1608Metric,24.491,-30.217,-90.0,top
C10,1uF,C_0603_1608Metric,142.791,-30.217,-90.0,top
C10,1uF,C_0603_1608Metric,142.791,-160.817,-90.0,top
C10,1uF,C_0603_1608Metric,83.641,-160.817,-90.0,top
C10,1uF,C_0603_1608Metric,24.491,-95.517,-90.0,top
C10,1uF,C_0603_1608Metric,142.791,-95.517,-90.0,top
C10,1uF,C_0603_1608Metric,83.641,-95.517,-90.0,top
C11,1uF,C_0603_1608Metric,82.1678,-155.0512,180.0,top
C11,1uF,C_0603_1608Metric,141.3178,-155.0512,180.0,top
C11,1uF,C_0603_1608Metric,82.1678,-89.7512,180.0,top
C11,1uF,C_0603_1608Metric,82.1678,-24.4512,180.0,top
C11,1uF,C_0603_1608Metric,141.3178,-89.7512,180.0,top
C11,1uF,C_0603_1608Metric,23.0178,-89.7512,180.0,top
C11,1uF,C_0603_1608Metric,23.0178,-24.4512,180.0,top
C11,1uF,C_0603_1608Metric,141.3178,-24.4512,180.0,top
C11,1uF,C_0603_1608Metric,23.0178,-155.0512,180.0,top
C12,100nF(10V),C_0805_2012Metric,165.8034,-52.8738,90.0,top
C12,100nF(10V),C_0805_2012Metric,106.6534,-52.8738,90.0,top
C12,100nF(10V),C_0805_2012Metric,47.5034,-52.8738,90.0,top
C12,100nF(10V),C_0805_2012Metric,106.6534,-183.4738,90.0,top
C12,100nF(10V),C_0805_2012Metric,165.8034,-118.1738,90.0,top
C12,100nF(10V),C_0805_2012Metric,165.8034,-183.4738,90.0,top
C12,100nF(10V),C_0805_2012Metric,47.5034,-118.1738,90.0,top
C12,100nF(10V),C_0805_2012Metric,106.6534,-118.1738,90.0,top
C12,100nF(10V),C_0805_2012Metric,47.5034,-183.4738,90.0,top
C13,0.1uF(10%),C_0402_1005Metric,171.2,-83.97,180.0,top
C13,0.1uF(10%),C_0402_1005Metric,171.2,-18.67,180.0,top
C13,0.1uF(10%),C_0402_1005Metric,52.9,-83.97,180.0,top
C13,0.1uF(10%),C_0402_1005Metric,112.05,-149.27,180.0,top
C13,0.1uF(10%),C_0402_1005Metric,112.05,-83.97,180.0,top
C13,0.1uF(10%),C_0402_1005Metric,112.05,-18.67,180.0,top
C13,0.1uF(10%),C_0402_1005Metric,52.9,-149.27,180.0,top
C13,0.1uF(10%),C_0402_1005Metric,52.9,-18.67,180.0,top
C13,0.1uF(10%),C_0402_1005Metric,171.2,-149.27,180.0,top
C14,100nF(50V),C_0805_2012Metric,93.6994,-113.5764,90.0,top
C14,100nF(50V),C_0805_2012Metric,34.5494,-113.5764,90.0,top
C14,100nF(50V),C_0805_2012Metric,152.8494,-178.8764,90.0,top
C14,100nF(50V),C_0805_2012Metric,34.5494,-178.8764,90.0,top
C14,100nF(50V),C_0805_2012Metric,152.8494,-48.2764,90.0,top
C14,100nF(50V),C_0805_2012Metric,34.5494,-48.2764,90.0,top
C14,100nF(50V),C_0805_2012Metric,93.6994,-178.8764,90.0,top
C14,100nF(50V),C_0805_2012Metric,93.6994,-48.2764,90.0,top
C14,100nF(50V),C_0805_2012Metric,152.8494,-113.5764,90.0,top
C15,0.1uF(10%),C_0402_1005Metric,18.9187,-15.0996,90.0,top
C15,0.1uF(10%),C_0402_1005Metric,18.9187,-80.3996,90.0,top
C15,0.1uF(10%),C_0402_1005Metric,137.2187,-145.6996,90.0,top
C15,0.1uF(10%),C_0402_1005Metric,137.2187,-15.0996,90.0,top
C15,0.1uF(10%),C_0402_1005Metric,78.0687,-15.0996,90.0,top
C15,0.1uF(10%),C_0402_1005Metric,78.0687,-145.6996,90.0,top
C15,0.1uF(10%),C_0402_1005Metric,18.9187,-145.6996,90.0,top
C15,0.1uF(10%),C_0402_1005Metric,137.2187,-80.3996,90.0,top
C15,0.1uF(10%),C_0402_1005Metric,78.0687,-80.3996,90.0,top
C16,2.2uF,C_0402_1005Metric,139.2858,-150.8348,0.0,top
C16,2.2uF,C_0402_1005Metric,139.2858,-20.2348,0.0,top
C16,2.2uF,C_0402_1005Metric,80.1358,-20.2348,0.0,top
C16,2.2uF,C_0402_1005Metric,20.9858,-150.8348,0.0,top
C16,2.2uF,C_0402_1005Metric,20.9858,-20.2348,0.0,top
C16,2.2uF,C_0402_1005Metric,139.2858,-85.5348,0.0,top
C16,2.2uF,C_0402_1005Metric,20.9858,-85.5348,0.0,top
C16,2.2uF,C_0402_1005Metric,80.1358,-150.8348,0.0,top
C16,2.2uF,C_0402_1005Metric,80.1358,-85.5348,0.0,top
C17,0.1uF,C_0402_1005Metric,53.32,-21.0317,0.0,top
C17,0.1uF,C_0402_1005Metric,112.47,-86.3317,0.0,top
C17,0.1uF,C_0402_1005Metric,171.62,-21.0317,0.0,top
C17,0.1uF,C_0402_1005Metric,53.32,-86.3317,0.0,top
C17,0.1uF,C_0402_1005Metric,112.47,-21.0317,0.0,top
C17,0.1uF,C_0402_1005Metric,171.62,-86.3317,0.0,top
C17,0.1uF,C_0402_1005Metric,171.62,-151.6317,0.0,top
C17,0.1uF,C_0402_1005Metric,53.32,-151.6317,0.0,top
C17,0.1uF,C_0402_1005Metric,112.47,-151.6317,0.0,top
C18,4.7uF(50V),C_1206_3216Metric,29.75,-120.24,90.0,top
C18,4.7uF(50V),C_1206_3216Metric,88.9,-120.24,90.0,top
C18,4.7uF(50V),C_1206_3216Metric,29.75,-185.54,90.0,top
C18,4.7uF(50V),C_1206_3216Metric,88.9,-185.54,90.0,top
C18,4.7uF(50V),C_1206_3216Metric,88.9,-54.94,90.0,top
C18,4.7uF(50V),C_1206_3216Metric,148.05,-54.94,90.0,top
C18,4.7uF(50V),C_1206_3216Metric,148.05,-185.54,90.0,top
C18,4.7uF(50V),C_1206_3216Metric,148.05,-120.24,90.0,top
C18,4.7uF(50V),C_1206_3216Metric,29.75,-54.94,90.0,top
C19,100uF(50V),CP_Elec_8x10,43.1275,-62.355,0.0,top
C19,100uF(50V),CP_Elec_8x10,102.2775,-127.655,0.0,top
C19,100uF(50V),CP_Elec_8x10,102.2775,-192.955,0.0,top
C19,100uF(50V),CP_Elec_8x10,43.1275,-192.955,0.0,top
C19,100uF(50V),CP_Elec_8x10,43.1275,-127.655,0.0,top
C19,100uF(50V),CP_Elec_8x10,102.2775,-62.355,0.0,top
C19,100uF(50V),CP_Elec_8x10,161.4275,-192.955,0.0,top
C19,100uF(50V),CP_Elec_8x10,161.4275,-127.655,0.0,top
C19,100uF(50V),CP_Elec_8x10,161.4275,-62.355,0.0,top
C20,0.1uF,C_0402_1005Metric,169.6,-21.0317,0.0,top
C20,0.1uF,C_0402_1005Metric,169.6,-151.6317,0.0,top
C20,0.1uF,C_0402_1005Metric,51.3,-21.0317,0.0,top
C20,0.1uF,C_0402_1005Metric,110.45,-86.3317,0.0,top
C20,0.1uF,C_0402_1005Metric,110.45,-151.6317,0.0,top
C20,0.1uF,C_0402_1005Metric,110.45,-21.0317,0.0,top
C20,0.1uF,C_0402_1005Metric,51.3,-151.6317,0.0,top
C20,0.1uF,C_0402_1005Metric,169.6,-86.3317,0.0,top
C20,0.1uF,C_0402_1005Metric,51.3,-86.3317,0.0,top
C21,0.1uF,C_0402_1005Metric,172.8075,-156.5857,-90.0,top
C21,0.1uF,C_0402_1005Metric,54.5075,-156.5857,-90.0,top
C21,0.1uF,C_0402_1005Metric,113.6575,-91.2857,-90.0,top
C21,0.1uF,C_0402_1005Metric,54.5075,-91.2857,-90.0,top
C21,0.1uF,C_0402_1005Metric,113.6575,-25.9857,-90.0,top
C21,0.1uF,C_0402_1005Metric,172.8075,-25.9857,-90.0,top
C21,0.1uF,C_0402_1005Metric,54.5075,-25.9857,-90.0,top
C21,0.1uF,C_0402_1005Metric,172.8075,-91.2857,-90.0,top
C21,0.1uF,C_0402_1005Metric,113.6575,-156.5857,-90.0,top
C22,0.1uF,C_0402_1005Metric,167.581,-86.3957,180.0,top
C22,0.1uF,C_0402_1005Metric,167.581,-151.6957,180.0,top
C22,0.1uF,C_0402_1005Metric,108.431,-86.3957,180.0,top
C22,0.1uF,C_0402_1005Metric,108.431,-21.0957,180.0,top
C22,0.1uF,C_0402_1005Metric,49.281,-151.6957,180.0,top
C22,0.1uF,C_0402_1005Metric,167.581,-21.0957,180.0,top
C22,0.1uF,C_0402_1005Metric,49.281,-21.0957,180.0,top
C22,0.1uF,C_0402_1005Metric,108.431,-151.6957,180.0,top
C22,0.1uF,C_0402_1005Metric,49.281,-86.3957,180.0,top
C23,0.1uF,C_0402_1005Metric,70.78,-102.57,0.0,top
C23,0.1uF,C_0402_1005Metric,11.63,-37.27,0.0,top
C23,0.1uF,C_0402_1005Metric,70.78,-37.27,0.0,top
C23,0.1uF,C_0402_1005Metric,129.93,-167.87,0.0,top
C23,0.1uF,C_0402_1005Metric,129.93,-37.27,0.0,top
C23,0.1uF,C_0402_1005Metric,11.63,-102.57,0.0,top
C23,0.1uF,C_0402_1005Metric,129.93,-102.57,0.0,top
C23,0.1uF,C_0402_1005Metric,11.63,-167.87,0.0,top
C23,0.1uF,C_0402_1005Metric,70.78,-167.87,0.0,top
C24,4.7uF,C_0805_2012Metric,129.9,-91.89,0.0,top
C24,4.7uF,C_0805_2012Metric,70.75,-26.59,0.0,top
C24,4.7uF,C_0805_2012Metric,129.9,-26.59,0.0,top
C24,4.7uF,C_0805_2012Metric,70.75,-157.19,0.0,top
C24,4.7uF,C_0805_2012Metric,11.6,-26.59,0.0,top
C24,4.7uF,C_0805_2012Metric,11.6,-157.19,0.0,top
C24,4.7uF,C_0805_2012Metric,70.75,-91.89,0.0,top
C24,4.7uF,C_0805_2012Metric,11.6,-91.89,0.0,top
C24,4.7uF,C_0805_2012Metric,129.9,-157.19,0.0,top
C25,1.0uF,C_0805_2012Metric,70.75,-87.89,180.0,top
C25,1.0uF,C_0805_2012Metric,11.6,-153.19,180.0,top
C25,1.0uF,C_0805_2012Metric,129.9,-87.89,180.0,top
C25,1.0uF,C_0805_2012Metric,11.6,-87.89,180.0,top
C25,1.0uF,C_0805_2012Metric,11.6,-22.59,180.0,top
C25,1.0uF,C_0805_2012Metric,129.9,-22.59,180.0,top
C25,1.0uF,C_0805_2012Metric,70.75,-153.19,180.0,top
C25,1.0uF,C_0805_2012Metric,70.75,-22.59,180.0,top
C25,1.0uF,C_0805_2012Metric,129.9,-153.19,180.0,top
C26,150pF,C_0805_2012Metric,141.9,-195.41,90.0,top
C26,150pF,C_0805_2012Metric,141.9,-64.81,90.0,top
C26,150pF,C_0805_2012Metric,82.75,-64.81,90.0,top
C26,150pF,C_0805_2012Metric,141.9,-130.11,90.0,top
C26,150pF,C_0805_2012Metric,82.75,-130.11,90.0,top
C26,150pF,C_0805_2012Metric,23.6,-130.11,90.0,top
C26,150pF,C_0805_2012Metric,82.75,-195.41,90.0,top
C26,150pF,C_0805_2012Metric,23.6,-195.41,90.0,top
C26,150pF,C_0805_2012Metric,23.6,-64.81,90.0,top
C27,0.1uF,C_0402_1005Metric,11.6,-89.89,180.0,top
C27,0.1uF,C_0402_1005Metric,70.75,-89.89,180.0,top
C27,0.1uF,C_0402_1005Metric,11.6,-24.59,180.0,top
C27,0.1uF,C_0402_1005Metric,11.6,-155.19,180.0,top
C27,0.1uF,C_0402_1005Metric,70.75,-155.19,180.0,top
C27,0.1uF,C_0402_1005Metric,129.9,-155.19,180.0,top
C27,0.1uF,C_0402_1005Metric,70.75,-24.59,180.0,top
C27,0.1uF,C_0402_1005Metric,129.9,-24.59,180.0,top
C27,0.1uF,C_0402_1005Metric,129.9,-89.89,180.0,top
C28,0.01uF,C_0805_2012Metric,90.45,-189.19,0.0,top
C28,0.01uF,C_0805_2012Metric,31.3,-189.19,0.0,top
C28,0.01uF,C_0805_2012Metric,31.3,-58.59,0.0,top
C28,0.01uF,C_0805_2012Metric,31.3,-123.89,0.0,top
C28,0.01uF,C_0805_2012Metric,90.45,-58.59,0.0,top
C28,0.01uF,C_0805_2012Metric,149.6,-58.59,0.0,top
C28,0.01uF,C_0805_2012Metric,149.6,-189.19,0.0,top
C28,0.01uF,C_0805_2012Metric,90.45,-123.89,0.0,top
C28,0.01uF,C_0805_2012Metric,149.6,-123.89,0.0,top
C29,0.1uF,C_0402_1005Metric,146.97,-62.73,90.0,top
C29,0.1uF,C_0402_1005Metric,146.97,-128.03,90.0,top
C29,0.1uF,C_0402_1005Metric,87.82,-193.33,90.0,top
C29,0.1uF,C_0402_1005Metric,87.82,-128.03,90.0,top
C29,0.1uF,C_0402_1005Metric,146.97,-193.33,90.0,top
C29,0.1uF,C_0402_1005Metric,28.67,-62.73,90.0,top
C29,0.1uF,C_0402_1005Metric,28.67,-128.03,90.0,top
C29,0.1uF,C_0402_1005Metric,28.67,-193.33,90.0,top
C29,0.1uF,C_0402_1005Metric,87.82,-62.73,90.0,top
C30,100uF,C_1206_3216Metric,142.76,-192.29,180.0,top
C30,100uF,C_1206_3216Metric,83.61,-126.99,180.0,top
C30,100uF,C_1206_3216Metric,83.61,-61.69,180.0,top
C30,100uF,C_1206_3216Metric,24.46,-126.99,180.0,top
C30,100uF,C_1206_3216Metric,142.76,-61.69,180.0,top
C30,100uF,C_1206_3216Metric,83.61,-192.29,180.0,top
C30,100uF,C_1206_3216Metric,24.46,-192.29,180.0,top
C30,100uF,C_1206_3216Metric,24.46,-61.69,180.0,top
C30,100uF,C_1206_3216Metric,142.76,-126.99,180.0,top
C31,1.5nF,C_0805_2012Metric,144.06,-64.83,90.0,top
C31,1.5nF,C_0805_2012Metric,25.76,-195.43,90.0,top
C31,1.5nF,C_0805_2012Metric,25.76,-130.13,90.0,top
C31,1.5nF,C_0805_2012Metric,84.91,-130.13,90.0,top
C31,1.5nF,C_0805_2012Metric,25.76,-64.83,90.0,top
C31,1.5nF,C_0805_2012Metric,84.91,-195.43,90.0,top
C31,1.5nF,C_0805_2012Metric,144.06,-195.43,90.0,top
C31,1.5nF,C_0805_2012Metric,144.06,-130.13,90.0,top
C31,1.5nF,C_0805_2012Metric,84.91,-64.83,90.0,top
C32,10uF,C_0603_1608Metric,74.7,-111.58,180.0,top
C32,10uF,C_0603_1608Metric,133.85,-176.88,180.0,top
C32,10uF,C_0603_1608Metric,133.85,-46.28,180.0,top
C32,10uF,C_0603_1608Metric,15.55,-46.28,180.0,top
C32,10uF,C_0603_1608Metric,74.7,-46.28,180.0,top
C32,10uF,C_0603_1608Metric,15.55,-176.88,180.0,top
C32,10uF,C_0603_1608Metric,74.7,-176.88,180.0,top
C32,10uF,C_0603_1608Metric,15.55,-111.58,180.0,top
C32,10uF,C_0603_1608Metric,133.85,-111.58,180.0,top
D1,LED_Small,LED_0603_1608Metric,84.022,-178.343,90.0,top
D1,LED_Small,LED_0603_1608Metric,24.872,-47.743,90.0,top
D1,LED_Small,LED_0603_1608Metric,84.022,-47.743,90.0,top
D1,LED_Small,LED_0603_1608Metric,143.172,-178.343,90.0,top
D1,LED_Small,LED_0603_1608Metric,24.872,-178.343,90.0,top
D1,LED_Small,LED_0603_1608Metric,143.172,-47.743,90.0,top
D1,LED_Small,LED_0603_1608Metric,143.172,-113.043,90.0,top
D1,LED_Small,LED_0603_1608Metric,24.872,-113.043,90.0,top
D1,LED_Small,LED_0603_1608Metric,84.022,-113.043,90.0,top
D2,LED_Small,LED_0603_1608Metric,81.355,-47.87,-90.0,top
D2,LED_Small,LED_0603_1608Metric,140.505,-113.17,-90.0,top
D2,LED_Small,LED_0603_1608Metric,140.505,-178.47,-90.0,top
D2,LED_Small,LED_0603_1608Metric,22.205,-113.17,-90.0,top
D2,LED_Small,LED_0603_1608Metric,81.355,-113.17,-90.0,top
D2,LED_Small,LED_0603_1608Metric,22.205,-47.87,-90.0,top
D2,LED_Small,LED_0603_1608Metric,81.355,-178.47,-90.0,top
D2,LED_Small,LED_0603_1608Metric,140.505,-47.87,-90.0,top
D2,LED_Small,LED_0603_1608Metric,22.205,-178.47,-90.0,top
D3,LED_Small,LED_0603_1608Metric,137.711,-113.1954,-90.0,top
D3,LED_Small,LED_0603_1608Metric,78.561,-178.4954,-90.0,top
D3,LED_Small,LED_0603_1608Metric,19.411,-113.1954,-90.0,top
D3,LED_Small,LED_0603_1608Metric,19.411,-178.4954,-90.0,top
D3,LED_Small,LED_0603_1608Metric,78.561,-113.1954,-90.0,top
D3,LED_Small,LED_0603_1608Metric,78.561,-47.8954,-90.0,top
D3,LED_Small,LED_0603_1608Metric,19.411,-47.8954,-90.0,top
D3,LED_Small,LED_0603_1608Metric,137.711,-178.4954,-90.0,top
D3,LED_Small,LED_0603_1608Metric,137.711,-47.8954,-90.0,top
D4,D_TVS,D_0603_1608Metric,77.0116,-13.3514,0.0,top
D4,D_TVS,D_0603_1608Metric,136.1616,-78.6514,0.0,top
D4,D_TVS,D_0603_1608Metric,77.0116,-78.6514,0.0,top
D4,D_TVS,D_0603_1608Metric,17.8616,-13.3514,0.0,top
D4,D_TVS,D_0603_1608Metric,77.0116,-143.9514,0.0,top
D4,D_TVS,D_0603_1608Metric,17.8616,-143.9514,0.0,top
D4,D_TVS,D_0603_1608Metric,136.1616,-13.3514,0.0,top
D4,D_TVS,D_0603_1608Metric,136.1616,-143.9514,0.0,top
D4,D_TVS,D_0603_1608Metric,17.8616,-78.6514,0.0,top
D5,D_TVS,D_0603_1608Metric,11.283,-80.4294,180.0,top
D5,D_TVS,D_0603_1608Metric,129.583,-145.7294,180.0,top
D5,D_TVS,D_0603_1608Metric,70.433,-80.4294,180.0,top
D5,D_TVS,D_0603_1608Metric,70.433,-145.7294,180.0,top
D5,D_TVS,D_0603_1608Metric,11.283,-145.7294,180.0,top
D5,D_TVS,D_0603_1608Metric,129.583,-80.4294,180.0,top
D5,D_TVS,D_0603_1608Metric,11.283,-15.1294,180.0,top
D5,D_TVS,D_0603_1608Metric,129.583,-15.1294,180.0,top
D5,D_TVS,D_0603_1608Metric,70.433,-15.1294,180.0,top
D6,D_TVS,D_0603_1608Metric,70.4584,-13.4022,180.0,top
D6,D_TVS,D_0603_1608Metric,70.4584,-78.7022,180.0,top
D6,D_TVS,D_0603_1608Metric,129.6084,-78.7022,180.0,top
D6,D_TVS,D_0603_1608Metric,70.4584,-144.0022,180.0,top
D6,D_TVS,D_0603_1608Metric,129.6084,-13.4022,180.0,top
D6,D_TVS,D_0603_1608Metric,11.3084,-13.4022,180.0,top
D6,D_TVS,D_0603_1608Metric,11.3084,-144.0022,180.0,top
D6,D_TVS,D_0603_1608Metric,129.6084,-144.0022,180.0,top
D6,D_TVS,D_0603_1608Metric,11.3084,-78.7022,180.0,top
D7,D_Schottky,D_SMA,71.2966,-174.0758,90.0,top
D7,D_Schottky,D_SMA,12.1466,-108.7758,90.0,top
D7,D_Schottky,D_SMA,130.4466,-108.7758,90.0,top
D7,D_Schottky,D_SMA,12.1466,-43.4758,90.0,top
D7,D_Schottky,D_SMA,12.1466,-174.0758,90.0,top
D7,D_Schottky,D_SMA,130.4466,-43.4758,90.0,top
D7,D_Schottky,D_SMA,71.2966,-108.7758,90.0,top
D7,D_Schottky,D_SMA,71.2966,-43.4758,90.0,top
D7,D_Schottky,D_SMA,130.4466,-174.0758,90.0,top
D8,D_Schottky,D_SMA,91.98,-119.06,90.0,top
D8,D_Schottky,D_SMA,151.13,-53.76,90.0,top
D8,D_Schottky,D_SMA,32.83,-184.36,90.0,top
D8,D_Schottky,D_SMA,91.98,-53.76,90.0,top
D8,D_Schottky,D_SMA,151.13,-184.36,90.0,top
D8,D_Schottky,D_SMA,32.83,-119.06,90.0,top
D8,D_Schottky,D_SMA,151.13,-119.06,90.0,top
D8,D_Schottky,D_SMA,32.83,-53.76,90.0,top
D8,D_Schottky,D_SMA,91.98,-184.36,90.0,top
D9,LED_Small,LED_0603_1608Metric,27.793,-178.343,-90.0,top
D9,LED_Small,LED_0603_1608Metric,86.943,-47.743,-90.0,top
D9,LED_Small,LED_0603_1608Metric,27.793,-47.743,-90.0,top
D9,LED_Small,LED_0603_1608Metric,146.093,-178.343,-90.0,top
D9,LED_Small,LED_0603_1608Metric,86.943,-113.043,-90.0,top
D9,LED_Small,LED_0603_1608Metric,86.943,-178.343,-90.0,top
D9,LED_Small,LED_0603_1608Metric,146.093,-47.743,-90.0,top
D9,LED_Small,LED_0603_1608Metric,27.793,-113.043,-90.0,top
D9,LED_Small,LED_0603_1608Metric,146.093,-113.043,-90.0,top
J4,10118194-0001LF,USB_Micro_B_Female_10118194-0001LF,132.9866,-142.11,180.0,top
J4,10118194-0001LF,USB_Micro_B_Female_10118194-0001LF,73.8366,-76.81,180.0,top
J4,10118194-0001LF,USB_Micro_B_Female_10118194-0001LF,73.8366,-142.11,180.0,top
J4,10118194-0001LF,USB_Micro_B_Female_10118194-0001LF,73.8366,-11.51,180.0,top
J4,10118194-0001LF,USB_Micro_B_Female_10118194-0001LF,132.9866,-76.81,180.0,top
J4,10118194-0001LF,USB_Micro_B_Female_10118194-0001LF,14.6866,-11.51,180.0,top
J4,10118194-0001LF,USB_Micro_B_Female_10118194-0001LF,132.9866,-11.51,180.0,top
J4,10118194-0001LF,USB_Micro_B_Female_10118194-0001LF,14.6866,-76.81,180.0,top
J4,10118194-0001LF,USB_Micro_B_Female_10118194-0001LF,14.6866,-142.11,180.0,top
L1,L_Iron,L_12x12mm_H8mm,114.83,-125.63,90.0,top
L1,L_Iron,L_12x12mm_H8mm,173.98,-60.33,90.0,top
L1,L_Iron,L_12x12mm_H8mm,173.98,-125.63,90.0,top
L1,L_Iron,L_12x12mm_H8mm,114.83,-60.33,90.0,top
L1,L_Iron,L_12x12mm_H8mm,55.68,-190.93,90.0,top
L1,L_Iron,L_12x12mm_H8mm,173.98,-190.93,90.0,top
L1,L_Iron,L_12x12mm_H8mm,55.68,-125.63,90.0,top
L1,L_Iron,L_12x12mm_H8mm,55.68,-60.33,90.0,top
L1,L_Iron,L_12x12mm_H8mm,114.83,-190.93,90.0,top
Q1,S8050,SOT-23,151.2492,-109.3092,180.0,top
Q1,S8050,SOT-23,92.0992,-44.0092,180.0,top
Q1,S8050,SOT-23,32.9492,-44.0092,180.0,top
Q1,S8050,SOT-23,151.2492,-44.0092,180.0,top
Q1,S8050,SOT-23,32.9492,-174.6092,180.0,top
Q1,S8050,SOT-23,32.9492,-109.3092,180.0,top
Q1,S8050,SOT-23,92.0992,-109.3092,180.0,top
Q1,S8050,SOT-23,151.2492,-174.6092,180.0,top
Q1,S8050,SOT-23,92.0992,-174.6092,180.0,top
Q2,S8050,SOT-23,27.1492,-43.9842,0.0,top
Q2,S8050,SOT-23,86.2992,-174.5842,0.0,top
Q2,S8050,SOT-23,145.4492,-174.5842,0.0,top
Q2,S8050,SOT-23,27.1492,-109.2842,0.0,top
Q2,S8050,SOT-23,145.4492,-109.2842,0.0,top
Q2,S8050,SOT-23,145.4492,-43.9842,0.0,top
Q2,S8050,SOT-23,86.2992,-109.2842,0.0,top
Q2,S8050,SOT-23,86.2992,-43.9842,0.0,top
Q2,S8050,SOT-23,27.1492,-174.5842,0.0,top
R1,0(5%),R_0402_1005Metric,80.16,-87.894,0.0,top
R1,0(5%),R_0402_1005Metric,139.31,-153.194,0.0,top
R1,0(5%),R_0402_1005Metric,21.01,-87.894,0.0,top
R1,0(5%),R_0402_1005Metric,21.01,-22.594,0.0,top
R1,0(5%),R_0402_1005Metric,80.16,-153.194,0.0,top
R1,0(5%),R_0402_1005Metric,139.31,-22.594,0.0,top
R1,0(5%),R_0402_1005Metric,21.01,-153.194,0.0,top
R1,0(5%),R_0402_1005Metric,80.16,-22.594,0.0,top
R1,0(5%),R_0402_1005Metric,139.31,-87.894,0.0,top
R2,1M,R_0402_1005Metric,20.9996,-21.4528,180.0,top
R2,1M,R_0402_1005Metric,139.2996,-152.0528,180.0,top
R2,1M,R_0402_1005Metric,80.1496,-21.4528,180.0,top
R2,1M,R_0402_1005Metric,20.9996,-86.7528,180.0,top
R2,1M,R_0402_1005Metric,80.1496,-152.0528,180.0,top
R2,1M,R_0402_1005Metric,20.9996,-152.0528,180.0,top
R2,1M,R_0402_1005Metric,139.2996,-86.7528,180.0,top
R2,1M,R_0402_1005Metric,139.2996,-21.4528,180.0,top
R2,1M,R_0402_1005Metric,80.1496,-86.7528,180.0,top
R3,10k,R_0402_1005Metric,77.55,-82.18,0.0,top
R3,10k,R_0402_1005Metric,77.55,-147.48,0.0,top
R3,10k,R_0402_1005Metric,18.4,-147.48,0.0,top
R3,10k,R_0402_1005Metric,18.4,-16.88,0.0,top
R3,10k,R_0402_1005Metric,136.7,-82.18,0.0,top
R3,10k,R_0402_1005Metric,136.7,-147.48,0.0,top
R3,10k,R_0402_1005Metric,18.4,-82.18,0.0,top
R3,10k,R_0402_1005Metric,136.7,-16.88,0.0,top
R3,10k,R_0402_1005Metric,77.55,-16.88,0.0,top
R4,0(5%),R_0402_1005Metric,105.49,-84.13,0.0,top
R4,0(5%),R_0402_1005Metric,46.34,-149.43,0.0,top
R4,0(5%),R_0402_1005Metric,164.64,-84.13,0.0,top
R4,0(5%),R_0402_1005Metric,164.64,-18.83,0.0,top
R4,0(5%),R_0402_1005Metric,46.34,-84.13,0.0,top
R4,0(5%),R_0402_1005Metric,164.64,-149.43,0.0,top
R4,0(5%),R_0402_1005Metric,105.49,-18.83,0.0,top
R4,0(5%),R_0402_1005Metric,105.49,-149.43,0.0,top
R4,0(5%),R_0402_1005Metric,46.34,-18.83,0.0,top
R5,0(5%),R_0402_1005Metric,105.49,-150.63,0.0,top
R5,0(5%),R_0402_1005Metric,164.64,-150.63,0.0,top
R5,0(5%),R_0402_1005Metric,46.34,-20.03,0.0,top
R5,0(5%),R_0402_1005Metric,164.64,-20.03,0.0,top
R5,0(5%),R_0402_1005Metric,46.34,-150.63,0.0,top
R5,0(5%),R_0402_1005Metric,105.49,-20.03,0.0,top
R5,0(5%),R_0402_1005Metric,164.64,-85.33,0.0,top
R5,0(5%),R_0402_1005Metric,105.49,-85.33,0.0,top
R5,0(5%),R_0402_1005Metric,46.34,-85.33,0.0,top
R6,1k,R_0402_1005Metric,104.97,-155.08,90.0,top
R6,1k,R_0402_1005Metric,164.12,-24.48,90.0,top
R6,1k,R_0402_1005Metric,45.82,-155.08,90.0,top
R6,1k,R_0402_1005Metric,104.97,-24.48,90.0,top
R6,1k,R_0402_1005Metric,104.97,-89.78,90.0,top
R6,1k,R_0402_1005Metric,45.82,-89.78,90.0,top
R6,1k,R_0402_1005Metric,164.12,-155.08,90.0,top
R6,1k,R_0402_1005Metric,45.82,-24.48,90.0,top
R6,1k,R_0402_1005Metric,164.12,-89.78,90.0,top
R7,10k,R_0402_1005Metric,148.3536,-108.0646,180.0,top
R7,10k,R_0402_1005Metric,89.2036,-108.0646,180.0,top
R7,10k,R_0402_1005Metric,30.0536,-42.7646,180.0,top
R7,10k,R_0402_1005Metric,89.2036,-173.3646,180.0,top
R7,10k,R_0402_1005Metric,89.2036,-42.7646,180.0,top
R7,10k,R_0402_1005Metric,30.0536,-108.0646,180.0,top
R7,10k,R_0402_1005Metric,30.0536,-173.3646,180.0,top
R7,10k,R_0402_1005Metric,148.3536,-42.7646,180.0,top
R7,10k,R_0402_1005Metric,148.3536,-173.3646,180.0,top
R8,10k,R_0402_1005Metric,148.3536,-110.5538,180.0,top
R8,10k,R_0402_1005Metric,89.2036,-110.5538,180.0,top
R8,10k,R_0402_1005Metric,148.3536,-175.8538,180.0,top
R8,10k,R_0402_1005Metric,148.3536,-45.2538,180.0,top
R8,10k,R_0402_1005Metric,89.2036,-175.8538,180.0,top
R8,10k,R_0402_1005Metric,30.0536,-110.5538,180.0,top
R8,10k,R_0402_1005Metric,30.0536,-45.2538,180.0,top
R8,10k,R_0402_1005Metric,30.0536,-175.8538,180.0,top
R8,10k,R_0402_1005Metric,89.2036,-45.2538,180.0,top
R9,330,R_0402_1005Metric,84.022,-115.583,90.0,top
R9,330,R_0402_1005Metric,143.172,-50.283,90.0,top
R9,330,R_0402_1005Metric,143.172,-180.883,90.0,top
R9,330,R_0402_1005Metric,84.022,-180.883,90.0,top
R9,330,R_0402_1005Metric,24.872,-115.583,90.0,top
R9,330,R_0402_1005Metric,143.172,-115.583,90.0,top
R9,330,R_0402_1005Metric,24.872,-180.883,90.0,top
R9,330,R_0402_1005Metric,84.022,-50.283,90.0,top
R9,330,R_0402_1005Metric,24.872,-50.283,90.0,top
R10,200,R_0402_1005Metric,25.1006,-89.802,-90.0,top
R10,200,R_0402_1005Metric,25.1006,-24.502,-90.0,top
R10,200,R_0402_1005Metric,143.4006,-24.502,-90.0,top
R10,200,R_0402_1005Metric,84.2506,-89.802,-90.0,top
R10,200,R_0402_1005Metric,143.4006,-155.102,-90.0,top
R10,200,R_0402_1005Metric,25.1006,-155.102,-90.0,top
R10,200,R_0402_1005Metric,143.4006,-89.802,-90.0,top
R10,200,R_0402_1005Metric,84.2506,-155.102,-90.0,top
R10,200,R_0402_1005Metric,84.2506,-24.502,-90.0,top
R11,200,R_0402_1005Metric,83.768,-158.6834,180.0,top
R11,200,R_0402_1005Metric,83.768,-28.0834,180.0,top
R11,200,R_0402_1005Metric,24.618,-93.3834,180.0,top
R11,200,R_0402_1005Metric,142.918,-28.0834,180.0,top
R11,200,R_0402_1005Metric,142.918,-93.3834,180.0,top
R11,200,R_0402_1005Metric,83.768,-93.3834,180.0,top
R11,200,R_0402_1005Metric,24.618,-28.0834,180.0,top
R11,200,R_0402_1005Metric,142.918,-158.6834,180.0,top
R11,200,R_0402_1005Metric,24.618,-158.6834,180.0,top
R12,330,R_0402_1005Metric,81.355,-115.6846,-90.0,top
R12,330,R_0402_1005Metric,81.355,-180.9846,-90.0,top
R12,330,R_0402_1005Metric,22.205,-180.9846,-90.0,top
R12,330,R_0402_1005Metric,140.505,-50.3846,-90.0,top
R12,330,R_0402_1005Metric,140.505,-115.6846,-90.0,top
R12,330,R_0402_1005Metric,22.205,-115.6846,-90.0,top
R12,330,R_0402_1005Metric,140.505,-180.9846,-90.0,top
R12,330,R_0402_1005Metric,22.205,-50.3846,-90.0,top
R12,330,R_0402_1005Metric,81.355,-50.3846,-90.0,top
R13,330,R_0402_1005Metric,137.711,-50.41,90.0,top
R13,330,R_0402_1005Metric,19.411,-50.41,90.0,top
R13,330,R_0402_1005Metric,78.561,-50.41,90.0,top
R13,330,R_0402_1005Metric,19.411,-115.71,90.0,top
R13,330,R_0402_1005Metric,137.711,-181.01,90.0,top
R13,330,R_0402_1005Metric,137.711,-115.71,90.0,top
R13,330,R_0402_1005Metric,78.561,-181.01,90.0,top
R13,330,R_0402_1005Metric,19.411,-181.01,90.0,top
R13,330,R_0402_1005Metric,78.561,-115.71,90.0,top
R14,100k,R_0402_1005Metric,101.9544,-112.7128,45.0,top
R14,100k,R_0402_1005Metric,161.1044,-47.4128,45.0,top
R14,100k,R_0402_1005Metric,42.8044,-47.4128,45.0,top
R14,100k,R_0402_1005Metric,161.1044,-178.0128,45.0,top
R14,100k,R_0402_1005Metric,42.8044,-178.0128,45.0,top
R14,100k,R_0402_1005Metric,161.1044,-112.7128,45.0,top
R14,100k,R_0402_1005Metric,101.9544,-47.4128,45.0,top
R14,100k,R_0402_1005Metric,101.9544,-178.0128,45.0,top
R14,100k,R_0402_1005Metric,42.8044,-112.7128,45.0,top
R15,80m,R_1206_3216Metric,172.0772,-42.8916,-135.0,top
R15,80m,R_1206_3216Metric,53.7772,-108.1916,-135.0,top
R15,80m,R_1206_3216Metric,112.9272,-42.8916,-135.0,top
R15,80m,R_1206_3216Metric,53.7772,-173.4916,-135.0,top
R15,80m,R_1206_3216Metric,53.7772,-42.8916,-135.0,top
R15,80m,R_1206_3216Metric,172.0772,-108.1916,-135.0,top
R15,80m,R_1206_3216Metric,172.0772,-173.4916,-135.0,top
R15,80m,R_1206_3216Metric,112.9272,-108.1916,-135.0,top
R15,80m,R_1206_3216Metric,112.9272,-173.4916,-135.0,top
R16,80m,R_1206_3216Metric,168.445,-114.2368,135.0,top
R16,80m,R_1206_3216Metric,50.145,-48.9368,135.0,top
R16,80m,R_1206_3216Metric,109.295,-114.2368,135.0,top
R16,80m,R_1206_3216Metric,109.295,-48.9368,135.0,top
R16,80m,R_1206_3216Metric,50.145,-114.2368,135.0,top
R16,80m,R_1206_3216Metric,50.145,-179.5368,135.0,top
R16,80m,R_1206_3216Metric,109.295,-179.5368,135.0,top
R16,80m,R_1206_3216Metric,168.445,-179.5368,135.0,top
R16,80m,R_1206_3216Metric,168.445,-48.9368,135.0,top
R17,20k,R_0805_2012Metric,100.8114,-176.0824,-135.0,top
R17,20k,R_0805_2012Metric,100.8114,-110.7824,-135.0,top
R17,20k,R_0805_2012Metric,100.8114,-45.4824,-135.0,top
R17,20k,R_0805_2012Metric,159.9614,-176.0824,-135.0,top
R17,20k,R_0805_2012Metric,159.9614,-110.7824,-135.0,top
R17,20k,R_0805_2012Metric,41.6614,-45.4824,-135.0,top
R17,20k,R_0805_2012Metric,159.9614,-45.4824,-135.0,top
R17,20k,R_0805_2012Metric,41.6614,-176.0824,-135.0,top
R17,20k,R_0805_2012Metric,41.6614,-110.7824,-135.0,top
R18,22k,R_0402_1005Metric,103.7004,-36.7,180.0,top
R18,22k,R_0402_1005Metric,162.8504,-167.3,180.0,top
R18,22k,R_0402_1005Metric,44.5504,-102.0,180.0,top
R18,22k,R_0402_1005Metric,103.7004,-102.0,180.0,top
R18,22k,R_0402_1005Metric,103.7004,-167.3,180.0,top
R18,22k,R_0402_1005Metric,44.5504,-36.7,180.0,top
R18,22k,R_0402_1005Metric,162.8504,-36.7,180.0,top
R18,22k,R_0402_1005Metric,44.5504,-167.3,180.0,top
R18,22k,R_0402_1005Metric,162.8504,-102.0,180.0,top
R19,549,R_0402_1005Metric,87.875,-64.8787,90.0,top
R19,549,R_0402_1005Metric,87.875,-195.4787,90.0,top
R19,549,R_0402_1005Metric,28.725,-195.4787,90.0,top
R19,549,R_0402_1005Metric,87.875,-130.1787,90.0,top
R19,549,R_0402_1005Metric,147.025,-64.8787,90.0,top
R19,549,R_0402_1005Metric,28.725,-64.8787,90.0,top
R19,549,R_0402_1005Metric,147.025,-130.1787,90.0,top
R19,549,R_0402_1005Metric,147.025,-195.4787,90.0,top
R19,549,R_0402_1005Metric,28.725,-130.1787,90.0,top
R20,5.9k,R_0603_1608Metric,21.71,-129.99,90.0,top
R20,5.9k,R_0603_1608Metric,80.86,-64.69,90.0,top
R20,5.9k,R_0603_1608Metric,140.01,-64.69,90.0,top
R20,5.9k,R_0603_1608Metric,21.71,-64.69,90.0,top
R20,5.9k,R_0603_1608Metric,140.01,-129.99,90.0,top
R20,5.9k,R_0603_1608Metric,80.86,-129.99,90.0,top
R20,5.9k,R_0603_1608Metric,140.01,-195.29,90.0,top
R20,5.9k,R_0603_1608Metric,21.71,-195.29,90.0,top
R20,5.9k,R_0603_1608Metric,80.86,-195.29,90.0,top
R21,4.7k,R_0402_1005Metric,71.37,-28.24,180.0,top
R21,4.7k,R_0402_1005Metric,71.37,-93.54,180.0,top
R21,4.7k,R_0402_1005Metric,12.22,-28.24,180.0,top
R21,4.7k,R_0402_1005Metric,130.52,-93.54,180.0,top
R21,4.7k,R_0402_1005Metric,130.52,-158.84,180.0,top
R21,4.7k,R_0402_1005Metric,12.22,-93.54,180.0,top
R21,4.7k,R_0402_1005Metric,71.37,-158.84,180.0,top
R21,4.7k,R_0402_1005Metric,12.22,-158.84,180.0,top
R21,4.7k,R_0402_1005Metric,130.52,-28.24,180.0,top
R22,10k,R_0402_1005Metric,86.59,-64.92,90.0,top
R22,10k,R_0402_1005Metric,145.74,-130.22,90.0,top
R22,10k,R_0402_1005Metric,27.44,-64.92,90.0,top
R22,10k,R_0402_1005Metric,86.59,-195.52,90.0,top
R22,10k,R_0402_1005Metric,27.44,-130.22,90.0,top
R22,10k,R_0402_1005Metric,145.74,-195.52,90.0,top
R22,10k,R_0402_1005Metric,27.44,-195.52,90.0,top
R22,10k,R_0402_1005Metric,145.74,-64.92,90.0,top
R22,10k,R_0402_1005Metric,86.59,-130.22,90.0,top
R23,10k,R_0402_1005Metric,12.64,-38.36,0.0,top
R23,10k,R_0402_1005Metric,71.79,-38.36,0.0,top
R23,10k,R_0402_1005Metric,130.94,-103.66,0.0,top
R23,10k,R_0402_1005Metric,130.94,-38.36,0.0,top
R23,10k,R_0402_1005Metric,12.64,-168.96,0.0,top
R23,10k,R_0402_1005Metric,130.94,-168.96,0.0,top
R23,10k,R_0402_1005Metric,71.79,-168.96,0.0,top
R23,10k,R_0402_1005Metric,12.64,-103.66,0.0,top
R23,10k,R_0402_1005Metric,71.79,-103.66,0.0,top
R24,330,R_0402_1005Metric,27.793,-180.993,-90.0,top
R24,330,R_0402_1005Metric,86.943,-115.693,-90.0,top
R24,330,R_0402_1005Metric,27.793,-50.393,-90.0,top
R24,330,R_0402_1005Metric,146.093,-115.693,-90.0,top
R24,330,R_0402_1005Metric,86.943,-180.993,-90.0,top
R24,330,R_0402_1005Metric,27.793,-115.693,-90.0,top
R24,330,R_0402_1005Metric,86.943,-50.393,-90.0,top
R24,330,R_0402_1005Metric,146.093,-50.393,-90.0,top
R24,330,R_0402_1005Metric,146.093,-180.993,-90.0,top
S1,EG1218,SW_SPDT_CK-JS102011SAQN,113.91,-74.51,270.0,top
S1,EG1218,SW_SPDT_CK-JS102011SAQN,173.06,-74.51,270.0,top
S1,EG1218,SW_SPDT_CK-JS102011SAQN,54.76,-9.21,270.0,top
S1,EG1218,SW_SPDT_CK-JS102011SAQN,54.76,-74.51,270.0,top
S1,EG1218,SW_SPDT_CK-JS102011SAQN,113.91,-139.81,270.0,top
S1,EG1218,SW_SPDT_CK-JS102011SAQN,173.06,-9.21,270.0,top
S1,EG1218,SW_SPDT_CK-JS102011SAQN,173.06,-139.81,270.0,top
S1,EG1218,SW_SPDT_CK-JS102011SAQN,54.76,-139.81,270.0,top
S1,EG1218,SW_SPDT_CK-JS102011SAQN,113.91,-9.21,270.0,top
SW1,SW_Push,SW_Push_SPST_NO_Alps_SKRK,108.26,-82.08,90.0,top
SW1,SW_Push,SW_Push_SPST_NO_Alps_SKRK,108.26,-16.78,90.0,top
SW1,SW_Push,SW_Push_SPST_NO_Alps_SKRK,49.11,-16.78,90.0,top
SW1,SW_Push,SW_Push_SPST_NO_Alps_SKRK,108.26,-147.38,90.0,top
SW1,SW_Push,SW_Push_SPST_NO_Alps_SKRK,167.41,-16.78,90.0,top
SW1,SW_Push,SW_Push_SPST_NO_Alps_SKRK,167.41,-147.38,90.0,top
SW1,SW_Push,SW_Push_SPST_NO_Alps_SKRK,49.11,-82.08,90.0,top
SW1,SW_Push,SW_Push_SPST_NO_Alps_SKRK,167.41,-82.08,90.0,top
SW1,SW_Push,SW_Push_SPST_NO_Alps_SKRK,49.11,-147.38,90.0,top
SW2,SW_Push,SW_Push_SPST_NO_Alps_SKRK,21.266,-16.7322,-90.0,top
SW2,SW_Push,SW_Push_SPST_NO_Alps_SKRK,139.566,-147.3322,-90.0,top
SW2,SW_Push,SW_Push_SPST_NO_Alps_SKRK,139.566,-16.7322,-90.0,top
SW2,SW_Push,SW_Push_SPST_NO_Alps_SKRK,80.416,-16.7322,-90.0,top
SW2,SW_Push,SW_Push_SPST_NO_Alps_SKRK,21.266,-147.3322,-90.0,top
SW2,SW_Push,SW_Push_SPST_NO_Alps_SKRK,80.416,-147.3322,-90.0,top
SW2,SW_Push,SW_Push_SPST_NO_Alps_SKRK,139.566,-82.0322,-90.0,top
SW2,SW_Push,SW_Push_SPST_NO_Alps_SKRK,80.416,-82.0322,-90.0,top
SW2,SW_Push,SW_Push_SPST_NO_Alps_SKRK,21.266,-82.0322,-90.0,top
U1,ESP32-WROOM-32D,ESP32-WROOM-32,35.448,-153.871,270.0,top
U1,ESP32-WROOM-32D,ESP32-WROOM-32,35.448,-88.571,270.0,top
U1,ESP32-WROOM-32D,ESP32-WROOM-32,153.748,-88.571,270.0,top
U1,ESP32-WROOM-32D,ESP32-WROOM-32,35.448,-23.271,270.0,top
U1,ESP32-WROOM-32D,ESP32-WROOM-32,94.598,-88.571,270.0,top
U1,ESP32-WROOM-32D,ESP32-WROOM-32,94.598,-153.871,270.0,top
U1,ESP32-WROOM-32D,ESP32-WROOM-32,153.748,-23.271,270.0,top
U1,ESP32-WROOM-32D,ESP32-WROOM-32,153.748,-153.871,270.0,top
U1,ESP32-WROOM-32D,ESP32-WROOM-32,94.598,-23.271,270.0,top
U2,TMC2209-LA-T,QFN-28-1EP_5x5mm_P0.5mm_EP3.75x3.75mm,164.381,-173.009,135.0,top
U2,TMC2209-LA-T,QFN-28-1EP_5x5mm_P0.5mm_EP3.75x3.75mm,164.381,-42.409,135.0,top
U2,TMC2209-LA-T,QFN-28-1EP_5x5mm_P0.5mm_EP3.75x3.75mm,105.231,-107.709,135.0,top
U2,TMC2209-LA-T,QFN-28-1EP_5x5mm_P0.5mm_EP3.75x3.75mm,164.381,-107.709,135.0,top
U2,TMC2209-LA-T,QFN-28-1EP_5x5mm_P0.5mm_EP3.75x3.75mm,46.081,-42.409,135.0,top
U2,TMC2209-LA-T,QFN-28-1EP_5x5mm_P0.5mm_EP3.75x3.75mm,46.081,-107.709,135.0,top
U2,TMC2209-LA-T,QFN-28-1EP_5x5mm_P0.5mm_EP3.75x3.75mm,105.231,-173.009,135.0,top
U2,TMC2209-LA-T,QFN-28-1EP_5x5mm_P0.5mm_EP3.75x3.75mm,46.081,-173.009,135.0,top
U2,TMC2209-LA-T,QFN-28-1EP_5x5mm_P0.5mm_EP3.75x3.75mm,105.231,-42.409,135.0,top
U3,MAX3232,MAX3232IPWR,110.0475,-26.1557,180.0,top
U3,MAX3232,MAX3232IPWR,169.1975,-91.4557,180.0,top
U3,MAX3232,MAX3232IPWR,110.0475,-156.7557,180.0,top
U3,MAX3232,MAX3232IPWR,50.8975,-26.1557,180.0,top
U3,MAX3232,MAX3232IPWR,50.8975,-91.4557,180.0,top
U3,MAX3232,MAX3232IPWR,50.8975,-156.7557,180.0,top
U3,MAX3232,MAX3232IPWR,169.1975,-156.7557,180.0,top
U3,MAX3232,MAX3232IPWR,110.0475,-91.4557,180.0,top
U3,MAX3232,MAX3232IPWR,169.1975,-26.1557,180.0,top
U4,TPS5430DDA,SOIC-8-1EP_3.9x4.9mm_P1.27mm_EP2.514x3.2mm,92.287,-193.0781,270.0,top
U4,TPS5430DDA,SOIC-8-1EP_3.9x4.9mm_P1.27mm_EP2.514x3.2mm,33.137,-62.4781,270.0,top
U4,TPS5430DDA,SOIC-8-1EP_3.9x4.9mm_P1.27mm_EP2.514x3.2mm,151.437,-193.0781,270.0,top
U4,TPS5430DDA,SOIC-8-1EP_3.9x4.9mm_P1.27mm_EP2.514x3.2mm,151.437,-127.7781,270.0,top
U4,TPS5430DDA,SOIC-8-1EP_3.9x4.9mm_P1.27mm_EP2.514x3.2mm,92.287,-127.7781,270.0,top
U4,TPS5430DDA,SOIC-8-1EP_3.9x4.9mm_P1.27mm_EP2.514x3.2mm,151.437,-62.4781,270.0,top
U4,TPS5430DDA,SOIC-8-1EP_3.9x4.9mm_P1.27mm_EP2.514x3.2mm,33.137,-193.0781,270.0,top
U4,TPS5430DDA,SOIC-8-1EP_3.9x4.9mm_P1.27mm_EP2.514x3.2mm,92.287,-62.4781,270.0,top
U4,TPS5430DDA,SOIC-8-1EP_3.9x4.9mm_P1.27mm_EP2.514x3.2mm,33.137,-127.7781,270.0,top
U5,INTERFACE-CP2102-GMR(QFN28),QFN-28-1EP_5x5mm_P0.5mm_EP3.35x3.35mm,76.3512,-169.1228,180.0,top
U5,INTERFACE-CP2102-GMR(QFN28),QFN-28-1EP_5x5mm_P0.5mm_EP3.35x3.35mm,17.2012,-103.8228,180.0,top
U5,INTERFACE-CP2102-GMR(QFN28),QFN-28-1EP_5x5mm_P0.5mm_EP3.35x3.35mm,76.3512,-103.8228,180.0,top
U5,INTERFACE-CP2102-GMR(QFN28),QFN-28-1EP_5x5mm_P0.5mm_EP3.35x3.35mm,76.3512,-38.5228,180.0,top
U5,INTERFACE-CP2102-GMR(QFN28),QFN-28-1EP_5x5mm_P0.5mm_EP3.35x3.35mm,135.5012,-38.5228,180.0,top
U5,INTERFACE-CP2102-GMR(QFN28),QFN-28-1EP_5x5mm_P0.5mm_EP3.35x3.35mm,17.2012,-169.1228,180.0,top
U5,INTERFACE-CP2102-GMR(QFN28),QFN-28-1EP_5x5mm_P0.5mm_EP3.35x3.35mm,135.5012,-103.8228,180.0,top
U5,INTERFACE-CP2102-GMR(QFN28),QFN-28-1EP_5x5mm_P0.5mm_EP3.35x3.35mm,135.5012,-169.1228,180.0,top
U5,INTERFACE-CP2102-GMR(QFN28),QFN-28-1EP_5x5mm_P0.5mm_EP3.35x3.35mm,17.2012,-38.5228,180.0,top
U6,LM1117-3.3,SOT-223-3_TabPin2,12.83,-51.69,90.0,top
U6,LM1117-3.3,SOT-223-3_TabPin2,131.13,-182.29,90.0,top
U6,LM1117-3.3,SOT-223-3_TabPin2,71.98,-51.69,90.0,top
U6,LM1117-3.3,SOT-223-3_TabPin2,71.98,-182.29,90.0,top
U6,LM1117-3.3,SOT-223-3_TabPin2,131.13,-51.69,90.0,top
U6,LM1117-3.3,SOT-223-3_TabPin2,12.83,-116.99,90.0,top
U6,LM1117-3.3,SOT-223-3_TabPin2,12.83,-182.29,90.0,top
U6,LM1117-3.3,SOT-223-3_TabPin2,71.98,-116.99,90.0,top
U6,LM1117-3.3,SOT-223-3_TabPin2,131.13,-116.99,90.0,top
